"id","vendor","category","subcategory","feature","officialUrl","sourceType","sourceKey","status","blocker"
"DIN-0001","dingg","Public feature","Feature page","Gift Cards","https://dingg.app/features/beauty-salon-gift-cards","feature_page","https://dingg.app/features/beauty-salon-gift-cards","Unmapped","AuraShine source and UAT evidence has not been reviewed for this atomic capability."
"DIN-0002","dingg","Public feature","Feature page","DINGG AI Genius","https://dingg.app/features/dingg-ai-salon-software","feature_page","https://dingg.app/features/dingg-ai-salon-software","Unmapped","AuraShine source and UAT evidence has not been reviewed for this atomic capability."
"DIN-0003","dingg","Public feature","Feature page","Forms & Surveys","https://dingg.app/features/forms-and-surveys","feature_page","https://dingg.app/features/forms-and-surveys","Unmapped","AuraShine source and UAT evidence has not been reviewed for this atomic capability."
"DIN-0004","dingg","Public feature","Feature page","Multi-Location Support","https://dingg.app/features/salon-chain-management-software","feature_page","https://dingg.app/features/salon-chain-management-software","Unmapped","AuraShine source and UAT evidence has not been reviewed for this atomic capability."
"DIN-0005","dingg","Public feature","Feature page","Client Feedback","https://dingg.app/features/salon-client-feedback-system","feature_page","https://dingg.app/features/salon-client-feedback-system","Unmapped","AuraShine source and UAT evidence has not been reviewed for this atomic capability."
"DIN-0006","dingg","Public feature","Feature page","Personalized Profiles","https://dingg.app/features/salon-client-profile-software","feature_page","https://dingg.app/features/salon-client-profile-software","Unmapped","AuraShine source and UAT evidence has not been reviewed for this atomic capability."
"DIN-0007","dingg","Public feature","Feature page","Customer Segmentation","https://dingg.app/features/salon-client-segmentation","feature_page","https://dingg.app/features/salon-client-segmentation","Unmapped","AuraShine source and UAT evidence has not been reviewed for this atomic capability."
"DIN-0008","dingg","Public feature","Feature page","Inventory Control","https://dingg.app/features/salon-inventory-management-software","feature_page","https://dingg.app/features/salon-inventory-management-software","Unmapped","AuraShine source and UAT evidence has not been reviewed for this atomic capability."
"DIN-0009","dingg","Public feature","Feature page","Easy Invoices","https://dingg.app/features/salon-invoicing-software","feature_page","https://dingg.app/features/salon-invoicing-software","Unmapped","AuraShine source and UAT evidence has not been reviewed for this atomic capability."
"DIN-0010","dingg","Public feature","Feature page","Loyalty Rewards","https://dingg.app/features/salon-loyalty-program","feature_page","https://dingg.app/features/salon-loyalty-program","Unmapped","AuraShine source and UAT evidence has not been reviewed for this atomic capability."
"DIN-0011","dingg","Public feature","Feature page","Targeted Marketing","https://dingg.app/features/salon-marketing-software-targeted-campaigns","feature_page","https://dingg.app/features/salon-marketing-software-targeted-campaigns","Unmapped","AuraShine source and UAT evidence has not been reviewed for this atomic capability."
"DIN-0012","dingg","Public feature","Feature page","Membership Programs","https://dingg.app/features/salon-membership-program","feature_page","https://dingg.app/features/salon-membership-program","Unmapped","AuraShine source and UAT evidence has not been reviewed for this atomic capability."
"DIN-0013","dingg","Public feature","Feature page","24/7 Online Booking","https://dingg.app/features/salon-online-booking-system","feature_page","https://dingg.app/features/salon-online-booking-system","Unmapped","AuraShine source and UAT evidence has not been reviewed for this atomic capability."
"DIN-0014","dingg","Public feature","Feature page","Real-Time Reports","https://dingg.app/features/salon-reporting-software","feature_page","https://dingg.app/features/salon-reporting-software","Unmapped","AuraShine source and UAT evidence has not been reviewed for this atomic capability."
"DIN-0015","dingg","Public feature","Feature page","Smart Scheduling","https://dingg.app/features/salon-scheduling-software","feature_page","https://dingg.app/features/salon-scheduling-software","Unmapped","AuraShine source and UAT evidence has not been reviewed for this atomic capability."
"DIN-0016","dingg","Public feature","Feature page","Staff Management","https://dingg.app/features/salon-staff-management-software","feature_page","https://dingg.app/features/salon-staff-management-software","Unmapped","AuraShine source and UAT evidence has not been reviewed for this atomic capability."
"DIN-0017","dingg","Booking","Booking","How to add block time on the calendar?","https://docs.dingg.app/Booking/Booking/How_to_add_block_time_on_the_calendar?","help_topic","238","Unmapped","AuraShine source and UAT evidence has not been reviewed for this atomic capability."
"DIN-0018","dingg","Booking","Booking","How to book an appointment with your desired/requested stylist?","https://docs.dingg.app/Booking/Booking/How_to_book_an_appointment_with_your_desiredrequested_stylist?","help_topic","239","Unmapped","AuraShine source and UAT evidence has not been reviewed for this atomic capability."
"DIN-0019","dingg","Booking","Booking","How to book appointment","https://docs.dingg.app/Booking/Booking/How_to_book_appointment","help_topic","179","Unmapped","AuraShine source and UAT evidence has not been reviewed for this atomic capability."
"DIN-0020","dingg","Clients","Clients","How to add and manage client's family members ","https://docs.dingg.app/Clients/Clients/How_to_add_and_manage_client's_family_members_","help_topic","200","Unmapped","AuraShine source and UAT evidence has not been reviewed for this atomic capability."
"DIN-0021","dingg","Clients","Clients","How to add new client","https://docs.dingg.app/Clients/Clients/How_to_add_new_client","help_topic","181","Unmapped","AuraShine source and UAT evidence has not been reviewed for this atomic capability."
"DIN-0022","dingg","Clients","Clients","How to check client details such as invoice history, membership, package, prepaid etc.","https://docs.dingg.app/Clients/Clients/How_to_check_client_details_such_as_invoice_history,_membership,_package,_prepaid_etc.","help_topic","182","Unmapped","AuraShine source and UAT evidence has not been reviewed for this atomic capability."
"DIN-0023","dingg","Clients","Clients","How to convert any active package to vouchers","https://docs.dingg.app/Clients/Clients/How_to_convert_any_active_package_to_vouchers","help_topic","220","Unmapped","AuraShine source and UAT evidence has not been reviewed for this atomic capability."
"DIN-0024","dingg","Clients","Clients","How to create new forms for clients and manange it","https://docs.dingg.app/Clients/Clients/How_to_create_new_forms_for_clients_and_manange_it","help_topic","209","Unmapped","AuraShine source and UAT evidence has not been reviewed for this atomic capability."
"DIN-0025","dingg","Clients","Clients","How to edit/delete the client ","https://docs.dingg.app/Clients/Clients/How_to_editdelete_the_client_","help_topic","189","Unmapped","AuraShine source and UAT evidence has not been reviewed for this atomic capability."
"DIN-0026","dingg","Clients","Clients","How to import client data","https://docs.dingg.app/Clients/Clients/How_to_import_client_data","help_topic","186","Unmapped","AuraShine source and UAT evidence has not been reviewed for this atomic capability."
"DIN-0027","dingg","Clients","Clients","How to view and manage client's forms","https://docs.dingg.app/Clients/Clients/How_to_view_and_manage_client's_forms","help_topic","201","Unmapped","AuraShine source and UAT evidence has not been reviewed for this atomic capability."
"DIN-0028","dingg","Clients","Clients","How to view and manage client's notes","https://docs.dingg.app/Clients/Clients/How_to_view_and_manage_client's_notes","help_topic","192","Unmapped","AuraShine source and UAT evidence has not been reviewed for this atomic capability."
"DIN-0029","dingg","Clients","Clients","How to view client's history","https://docs.dingg.app/Clients/Clients/How_to_view_client's_history","help_topic","193","Unmapped","AuraShine source and UAT evidence has not been reviewed for this atomic capability."
"DIN-0030","dingg","Clients","Clients","How to view client's invoices and it's details","https://docs.dingg.app/Clients/Clients/How_to_view_client's_invoices_and_it's_details","help_topic","194","Unmapped","AuraShine source and UAT evidence has not been reviewed for this atomic capability."
"DIN-0031","dingg","Clients","Clients","How to view client's memberships and it's details","https://docs.dingg.app/Clients/Clients/How_to_view_client's_memberships_and_it's_details","help_topic","195","Unmapped","AuraShine source and UAT evidence has not been reviewed for this atomic capability."
"DIN-0032","dingg","Clients","Clients","How to view client's packages, it's details and redemption history","https://docs.dingg.app/Clients/Clients/How_to_view_client's_packages,_it's_details_and_redemption_history","help_topic","196","Unmapped","AuraShine source and UAT evidence has not been reviewed for this atomic capability."
"DIN-0033","dingg","Clients","Clients","How to view client's points and it's history","https://docs.dingg.app/Clients/Clients/How_to_view_client's_points_and_it's_history","help_topic","199","Unmapped","AuraShine source and UAT evidence has not been reviewed for this atomic capability."
"DIN-0034","dingg","Clients","Clients","How to view client's upcoming appointments","https://docs.dingg.app/Clients/Clients/How_to_view_client's_upcoming_appointments","help_topic","198","Unmapped","AuraShine source and UAT evidence has not been reviewed for this atomic capability."
"DIN-0035","dingg","Clients","Clients","How to view client's vouchers, it's details and redemption history","https://docs.dingg.app/Clients/Clients/How_to_view_client's_vouchers,_it's_details_and_redemption_history","help_topic","197","Unmapped","AuraShine source and UAT evidence has not been reviewed for this atomic capability."
"DIN-0036","dingg","Clients","Clients","What are customer segment based filters","https://docs.dingg.app/Clients/Clients/What_are_customer_segment_based_filters","help_topic","191","Unmapped","AuraShine source and UAT evidence has not been reviewed for this atomic capability."
"DIN-0037","dingg","Dashboard","Booking Events","Add multiple services to the booking ","https://docs.dingg.app/Dashboard/Booking_Events/Add_multiple_services_to_the_booking_","help_topic","88","Unmapped","AuraShine source and UAT evidence has not been reviewed for this atomic capability."
"DIN-0038","dingg","Dashboard","Booking Events","Add multiple services with different stylist for same client","https://docs.dingg.app/Dashboard/Booking_Events/Add_multiple_services_with_different_stylist_for_same_client","help_topic","89","Unmapped","AuraShine source and UAT evidence has not been reviewed for this atomic capability."
"DIN-0039","dingg","Dashboard","Booking Events","Generate bill for completed service","https://docs.dingg.app/Dashboard/Booking_Events/Generate_bill_for_completed_service","help_topic","92","Unmapped","AuraShine source and UAT evidence has not been reviewed for this atomic capability."
"DIN-0040","dingg","Dashboard","Booking Events","How to add product consumption from dashboard","https://docs.dingg.app/Dashboard/Booking_Events/How_to_add_product_consumption_from_dashboard","help_topic","211","Unmapped","AuraShine source and UAT evidence has not been reviewed for this atomic capability."
"DIN-0041","dingg","Dashboard","Booking Events","How to check in customer","https://docs.dingg.app/Dashboard/Booking_Events/How_to_check_in_customer","help_topic","94","Unmapped","AuraShine source and UAT evidence has not been reviewed for this atomic capability."
"DIN-0042","dingg","Dashboard","Booking Events","How to confirm the tentative booking","https://docs.dingg.app/Dashboard/Booking_Events/How_to_confirm_the_tentative_booking","help_topic","95","Unmapped","AuraShine source and UAT evidence has not been reviewed for this atomic capability."
"DIN-0043","dingg","Dashboard","Booking Events","How to view notifications","https://docs.dingg.app/Dashboard/Booking_Events/How_to_view_notifications","help_topic","87","Unmapped","AuraShine source and UAT evidence has not been reviewed for this atomic capability."
"DIN-0044","dingg","Dashboard","Booking Events","Move service from complete to upcoming / undo complete service","https://docs.dingg.app/Dashboard/Booking_Events/Move_service_from_complete_to_upcoming__undo_complete_service","help_topic","93","Unmapped","AuraShine source and UAT evidence has not been reviewed for this atomic capability."
"DIN-0045","dingg","Dashboard","Booking Events","Start & complete service","https://docs.dingg.app/Dashboard/Booking_Events/Start_&_complete_service","help_topic","91","Unmapped","AuraShine source and UAT evidence has not been reviewed for this atomic capability."
"DIN-0046","dingg","Dashboard","Booking Events","What all booking status are available and how to change it","https://docs.dingg.app/Dashboard/Booking_Events/What_all_booking_status_are_available_and_how_to_change_it","help_topic","90","Unmapped","AuraShine source and UAT evidence has not been reviewed for this atomic capability."
"DIN-0047","dingg","Dashboard","Calendar","Drop an appointment","https://docs.dingg.app/Dashboard/Calendar/Drop_an_appointment","help_topic","222","Unmapped","AuraShine source and UAT evidence has not been reviewed for this atomic capability."
"DIN-0048","dingg","Dashboard","Calendar","How to add or view the service comment","https://docs.dingg.app/Dashboard/Calendar/How_to_add_or_view_the_service_comment","help_topic","187","Unmapped","AuraShine source and UAT evidence has not been reviewed for this atomic capability."
"DIN-0049","dingg","Dashboard","Calendar","How to arrange stylists in calendar","https://docs.dingg.app/Dashboard/Calendar/How_to_arrange_stylists_in_calendar","help_topic","67","Unmapped","AuraShine source and UAT evidence has not been reviewed for this atomic capability."
"DIN-0050","dingg","Dashboard","Calendar","How to assign appointment to other staff","https://docs.dingg.app/Dashboard/Calendar/How_to_assign_appointment_to_other_staff","help_topic","74","Unmapped","AuraShine source and UAT evidence has not been reviewed for this atomic capability."
"DIN-0051","dingg","Dashboard","Calendar","How to change color of service status","https://docs.dingg.app/Dashboard/Calendar/How_to_change_color_of_service_status","help_topic","76","Unmapped","AuraShine source and UAT evidence has not been reviewed for this atomic capability."
"DIN-0052","dingg","Dashboard","Calendar","How to change Staff Panel / Default Panel","https://docs.dingg.app/Dashboard/Calendar/How_to_change_Staff_Panel__Default_Panel","help_topic","224","Unmapped","AuraShine source and UAT evidence has not been reviewed for this atomic capability."
"DIN-0053","dingg","Dashboard","Calendar","How to change the time of appointment","https://docs.dingg.app/Dashboard/Calendar/How_to_change_the_time_of_appointment","help_topic","73","Unmapped","AuraShine source and UAT evidence has not been reviewed for this atomic capability."
"DIN-0054","dingg","Dashboard","Calendar","How to do reset Stylist if staff name not visible","https://docs.dingg.app/Dashboard/Calendar/How_to_do_reset_Stylist_if_staff_name_not_visible","help_topic","228","Unmapped","AuraShine source and UAT evidence has not been reviewed for this atomic capability."
"DIN-0055","dingg","Dashboard","Calendar","How to filter appointments by service status","https://docs.dingg.app/Dashboard/Calendar/How_to_filter_appointments_by_service_status","help_topic","77","Unmapped","AuraShine source and UAT evidence has not been reviewed for this atomic capability."
"DIN-0056","dingg","Dashboard","Calendar","How to increase or decrease service time","https://docs.dingg.app/Dashboard/Calendar/How_to_increase_or_decrease_service_time","help_topic","72","Unmapped","AuraShine source and UAT evidence has not been reviewed for this atomic capability."
"DIN-0057","dingg","Dashboard","Calendar","How to know more about the appointment","https://docs.dingg.app/Dashboard/Calendar/How_to_know_more_about_the_appointment","help_topic","78","Unmapped","AuraShine source and UAT evidence has not been reviewed for this atomic capability."
"DIN-0058","dingg","Dashboard","Calendar","How to quickly change the status of the service from the calendar slot","https://docs.dingg.app/Dashboard/Calendar/How_to_quickly_change_the_status_of_the_service_from_the_calendar_slot","help_topic","81","Unmapped","AuraShine source and UAT evidence has not been reviewed for this atomic capability."
"DIN-0059","dingg","Dashboard","Calendar","How to show/hide stylist in calendar","https://docs.dingg.app/Dashboard/Calendar/How_to_showhide_stylist_in_calendar","help_topic","68","Unmapped","AuraShine source and UAT evidence has not been reviewed for this atomic capability."
"DIN-0060","dingg","Dashboard","Calendar","How to split bill for multiple services ","https://docs.dingg.app/Dashboard/Calendar/How_to_split_bill_for_multiple_services_","help_topic","80","Unmapped","AuraShine source and UAT evidence has not been reviewed for this atomic capability."
"DIN-0061","dingg","Dashboard","Calendar","What orange color line indicates in calendar","https://docs.dingg.app/Dashboard/Calendar/What_orange_color_line_indicates_in_calendar","help_topic","75","Unmapped","AuraShine source and UAT evidence has not been reviewed for this atomic capability."
"DIN-0062","dingg","Dashboard","Calendar","What other options are available for the booked slot in calendar","https://docs.dingg.app/Dashboard/Calendar/What_other_options_are_available_for_the_booked_slot_in_calendar","help_topic","79","Unmapped","AuraShine source and UAT evidence has not been reviewed for this atomic capability."
"DIN-0063","dingg","Dashboard","Expense","How to add expense type","https://docs.dingg.app/Dashboard/Expense/How_to_add_expense_type","help_topic","227","Unmapped","AuraShine source and UAT evidence has not been reviewed for this atomic capability."
"DIN-0064","dingg","Dashboard","Expense","How to add expenses","https://docs.dingg.app/Dashboard/Expense/How_to_add_expenses","help_topic","180","Unmapped","AuraShine source and UAT evidence has not been reviewed for this atomic capability."
"DIN-0065","dingg","Dashboard","Expense","How to edit the expenses","https://docs.dingg.app/Dashboard/Expense/How_to_edit_the_expenses","help_topic","203","Unmapped","AuraShine source and UAT evidence has not been reviewed for this atomic capability."
"DIN-0066","dingg","Dashboard","Home","How to change location/branch","https://docs.dingg.app/Dashboard/Home/How_to_change_locationbranch","help_topic","61","Unmapped","AuraShine source and UAT evidence has not been reviewed for this atomic capability."
"DIN-0067","dingg","Dashboard","Home","How to expand or collapse the navigation side bar","https://docs.dingg.app/Dashboard/Home/How_to_expand_or_collapse_the_navigation_side_bar","help_topic","60","Unmapped","AuraShine source and UAT evidence has not been reviewed for this atomic capability."
"DIN-0068","dingg","Dashboard","Home","How to logout of the software","https://docs.dingg.app/Dashboard/Home/How_to_logout_of_the_software","help_topic","55","Unmapped","AuraShine source and UAT evidence has not been reviewed for this atomic capability."
"DIN-0069","dingg","Dashboard","Home","Reach out for help from DINGG Support Team (Chat)","https://docs.dingg.app/Dashboard/Home/Reach_out_for_help_from_DINGG_Support_Team_(Chat)","help_topic","62","Unmapped","AuraShine source and UAT evidence has not been reviewed for this atomic capability."
"DIN-0070","dingg","Dashboard","Home","View Profile","https://docs.dingg.app/Dashboard/Home/View_Profile","help_topic","56","Unmapped","AuraShine source and UAT evidence has not been reviewed for this atomic capability."
"DIN-0071","dingg","Dashboard","Home","View Subscription","https://docs.dingg.app/Dashboard/Home/View_Subscription","help_topic","57","Unmapped","AuraShine source and UAT evidence has not been reviewed for this atomic capability."
"DIN-0072","dingg","Dashboard","Language","How to change the language","https://docs.dingg.app/Dashboard/Language/How_to_change_the_language","help_topic","86","Unmapped","AuraShine source and UAT evidence has not been reviewed for this atomic capability."
"DIN-0073","dingg","Dashboard","Login/Logout","How to log in DINGG?","https://docs.dingg.app/Dashboard/LoginLogout/How_to_log_in_DINGG?","help_topic","177","Unmapped","AuraShine source and UAT evidence has not been reviewed for this atomic capability."
"DIN-0074","dingg","Dashboard","Login/Logout","How to reset the password?","https://docs.dingg.app/Dashboard/LoginLogout/How_to_reset_the_password?","help_topic","178","Unmapped","AuraShine source and UAT evidence has not been reviewed for this atomic capability."
"DIN-0075","dingg","Dashboard","Stats","How to fetch today's report","https://docs.dingg.app/Dashboard/Stats/How_to_fetch_today's_report","help_topic","85","Unmapped","AuraShine source and UAT evidence has not been reviewed for this atomic capability."
"DIN-0076","dingg","Dashboard","Stats","How to know current month financial stats","https://docs.dingg.app/Dashboard/Stats/How_to_know_current_month_financial_stats","help_topic","83","Unmapped","AuraShine source and UAT evidence has not been reviewed for this atomic capability."
"DIN-0077","dingg","Dashboard","Stats","What all financial and booking stats are available","https://docs.dingg.app/Dashboard/Stats/What_all_financial_and_booking_stats_are_available","help_topic","82","Unmapped","AuraShine source and UAT evidence has not been reviewed for this atomic capability."
"DIN-0078","dingg","Dashboard","Stats","What are segments and how to hide/show it","https://docs.dingg.app/Dashboard/Stats/What_are_segments_and_how_to_hideshow_it","help_topic","84","Unmapped","AuraShine source and UAT evidence has not been reviewed for this atomic capability."
"DIN-0079","dingg","Enquiry","Enquiry","How to add enquiry","https://docs.dingg.app/Enquiry/Enquiry/How_to_add_enquiry","help_topic","183","Unmapped","AuraShine source and UAT evidence has not been reviewed for this atomic capability."
"DIN-0080","dingg","Enquiry","Enquiry","How to edit/delete the enquiry","https://docs.dingg.app/Enquiry/Enquiry/How_to_editdelete_the_enquiry","help_topic","208","Unmapped","AuraShine source and UAT evidence has not been reviewed for this atomic capability."
"DIN-0081","dingg","Enquiry","Enquiry","Understanding Enquiry Management Window","https://docs.dingg.app/Enquiry/Enquiry/Understanding_Enquiry_Management_Window","help_topic","207","Unmapped","AuraShine source and UAT evidence has not been reviewed for this atomic capability."
"DIN-0082","dingg","Enquiry","Followups","How to follow up an enquiry","https://docs.dingg.app/Enquiry/Followups/How_to_follow_up_an_enquiry","help_topic","184","Unmapped","AuraShine source and UAT evidence has not been reviewed for this atomic capability."
"DIN-0083","dingg","Inventory","Auto Consumption","Add auto consumption for a service","https://docs.dingg.app/Inventory/Auto_Consumption/Add_auto_consumption_for_a_service","help_topic","117","Unmapped","AuraShine source and UAT evidence has not been reviewed for this atomic capability."
"DIN-0084","dingg","Inventory","Auto Consumption","How to change default issue settings","https://docs.dingg.app/Inventory/Auto_Consumption/How_to_change_default_issue_settings","help_topic","118","Unmapped","AuraShine source and UAT evidence has not been reviewed for this atomic capability."
"DIN-0085","dingg","Inventory","Auto Consumption","How to enable/disable Auto Consumption","https://docs.dingg.app/Inventory/Auto_Consumption/How_to_enabledisable_Auto_Consumption","help_topic","116","Unmapped","AuraShine source and UAT evidence has not been reviewed for this atomic capability."
"DIN-0086","dingg","Inventory","Orders","Filter the orders by different parameters","https://docs.dingg.app/Inventory/Orders/Filter_the_orders_by_different_parameters","help_topic","113","Unmapped","AuraShine source and UAT evidence has not been reviewed for this atomic capability."
"DIN-0087","dingg","Inventory","Orders","How to cancel the placed order","https://docs.dingg.app/Inventory/Orders/How_to_cancel_the_placed_order","help_topic","110","Unmapped","AuraShine source and UAT evidence has not been reviewed for this atomic capability."
"DIN-0088","dingg","Inventory","Orders","How to edit the entry of placed order","https://docs.dingg.app/Inventory/Orders/How_to_edit_the_entry_of_placed_order","help_topic","109","Unmapped","AuraShine source and UAT evidence has not been reviewed for this atomic capability."
"DIN-0089","dingg","Inventory","Orders","How to export the order","https://docs.dingg.app/Inventory/Orders/How_to_export_the_order","help_topic","111","Unmapped","AuraShine source and UAT evidence has not been reviewed for this atomic capability."
"DIN-0090","dingg","Inventory","Orders","How to place a new order","https://docs.dingg.app/Inventory/Orders/How_to_place_a_new_order","help_topic","108","Unmapped","AuraShine source and UAT evidence has not been reviewed for this atomic capability."
"DIN-0091","dingg","Inventory","Orders","How to receive the order","https://docs.dingg.app/Inventory/Orders/How_to_receive_the_order","help_topic","112","Unmapped","AuraShine source and UAT evidence has not been reviewed for this atomic capability."
"DIN-0092","dingg","Inventory","Product","Add consumption for a product and see consumption history","https://docs.dingg.app/Inventory/Product/Add_consumption_for_a_product_and_see_consumption_history","help_topic","101","Unmapped","AuraShine source and UAT evidence has not been reviewed for this atomic capability."
"DIN-0093","dingg","Inventory","Product","Export your inventory","https://docs.dingg.app/Inventory/Product/Export_your_inventory","help_topic","103","Unmapped","AuraShine source and UAT evidence has not been reviewed for this atomic capability."
"DIN-0094","dingg","Inventory","Product","How to add a new product","https://docs.dingg.app/Inventory/Product/How_to_add_a_new_product","help_topic","96","Unmapped","AuraShine source and UAT evidence has not been reviewed for this atomic capability."
"DIN-0095","dingg","Inventory","Product","How to delete the product","https://docs.dingg.app/Inventory/Product/How_to_delete_the_product","help_topic","104","Unmapped","AuraShine source and UAT evidence has not been reviewed for this atomic capability."
"DIN-0096","dingg","Inventory","Product","How to edit the product","https://docs.dingg.app/Inventory/Product/How_to_edit_the_product","help_topic","98","Unmapped","AuraShine source and UAT evidence has not been reviewed for this atomic capability."
"DIN-0097","dingg","Inventory","Product","How to import inventory","https://docs.dingg.app/Inventory/Product/How_to_import_inventory","help_topic","210","Unmapped","AuraShine source and UAT evidence has not been reviewed for this atomic capability."
"DIN-0098","dingg","Inventory","Product","How to issue a product and see issue history","https://docs.dingg.app/Inventory/Product/How_to_issue_a_product_and_see_issue_history","help_topic","99","Unmapped","AuraShine source and UAT evidence has not been reviewed for this atomic capability."
"DIN-0099","dingg","Inventory","Product","How to know product stock history","https://docs.dingg.app/Inventory/Product/How_to_know_product_stock_history","help_topic","100","Unmapped","AuraShine source and UAT evidence has not been reviewed for this atomic capability."
"DIN-0100","dingg","Inventory","Product","How to manage stock of the products","https://docs.dingg.app/Inventory/Product/How_to_manage_stock_of_the_products","help_topic","102","Unmapped","AuraShine source and UAT evidence has not been reviewed for this atomic capability."
"DIN-0101","dingg","Inventory","Product","How to search products and apply filter","https://docs.dingg.app/Inventory/Product/How_to_search_products_and_apply_filter","help_topic","97","Unmapped","AuraShine source and UAT evidence has not been reviewed for this atomic capability."
"DIN-0102","dingg","Inventory","Product","What would happen to the auto consumption of a product for a service when that service invoice is cancelled","https://docs.dingg.app/Inventory/Product/What_would_happen_to_the_auto_consumption_of_a_product_for_a_service_when_that_service_invoice_is_cancelled","help_topic","219","Unmapped","AuraShine source and UAT evidence has not been reviewed for this atomic capability."
"DIN-0103","dingg","Inventory","Stock Adjustment","Adjust stock through Excel file","https://docs.dingg.app/Inventory/Stock_Adjustment/Adjust_stock_through_Excel_file","help_topic","115","Unmapped","AuraShine source and UAT evidence has not been reviewed for this atomic capability."
"DIN-0104","dingg","Inventory","Stock Adjustment","How to adjust the stock","https://docs.dingg.app/Inventory/Stock_Adjustment/How_to_adjust_the_stock","help_topic","114","Unmapped","AuraShine source and UAT evidence has not been reviewed for this atomic capability."
"DIN-0105","dingg","Inventory","Supplier","How to add Supplier","https://docs.dingg.app/Inventory/Supplier/How_to_add_Supplier","help_topic","105","Unmapped","AuraShine source and UAT evidence has not been reviewed for this atomic capability."
"DIN-0106","dingg","Inventory","Supplier","How to edit or delete Supplier","https://docs.dingg.app/Inventory/Supplier/How_to_edit_or_delete_Supplier","help_topic","106","Unmapped","AuraShine source and UAT evidence has not been reviewed for this atomic capability."
"DIN-0107","dingg","Inventory","Supplier","How to mark supplier as ""Active""","https://docs.dingg.app/Inventory/Supplier/How_to_mark_supplier_as_%22Active%22","help_topic","107","Unmapped","AuraShine source and UAT evidence has not been reviewed for this atomic capability."
"DIN-0108","dingg","Invoice","Invoice","How to add multiple payment mode for an invoice","https://docs.dingg.app/Invoice/Invoice/How_to_add_multiple_payment_mode_for_an_invoice","help_topic","122","Unmapped","AuraShine source and UAT evidence has not been reviewed for this atomic capability."
"DIN-0109","dingg","Invoice","Invoice","How to add or remove services in the invoice","https://docs.dingg.app/Invoice/Invoice/How_to_add_or_remove_services_in_the_invoice","help_topic","138","Unmapped","AuraShine source and UAT evidence has not been reviewed for this atomic capability."
"DIN-0110","dingg","Invoice","Invoice","How to add tip amount to the invoice","https://docs.dingg.app/Invoice/Invoice/How_to_add_tip_amount_to_the_invoice","help_topic","120","Unmapped","AuraShine source and UAT evidence has not been reviewed for this atomic capability."
"DIN-0111","dingg","Invoice","Invoice","How to apply Coupon","https://docs.dingg.app/Invoice/Invoice/How_to_apply_Coupon","help_topic","229","Unmapped","AuraShine source and UAT evidence has not been reviewed for this atomic capability."
"DIN-0112","dingg","Invoice","Invoice","How to apply discount in invoice","https://docs.dingg.app/Invoice/Invoice/How_to_apply_discount_in_invoice","help_topic","121","Unmapped","AuraShine source and UAT evidence has not been reviewed for this atomic capability."
"DIN-0113","dingg","Invoice","Invoice","How to cancel the invoice","https://docs.dingg.app/Invoice/Invoice/How_to_cancel_the_invoice","help_topic","129","Unmapped","AuraShine source and UAT evidence has not been reviewed for this atomic capability."
"DIN-0114","dingg","Invoice","Invoice","How to change default selected item and default selected stylist","https://docs.dingg.app/Invoice/Invoice/How_to_change_default_selected_item_and_default_selected_stylist","help_topic","141","Unmapped","AuraShine source and UAT evidence has not been reviewed for this atomic capability."
"DIN-0115","dingg","Invoice","Invoice","How to change payment mode after generating invoice","https://docs.dingg.app/Invoice/Invoice/How_to_change_payment_mode_after_generating_invoice","help_topic","125","Unmapped","AuraShine source and UAT evidence has not been reviewed for this atomic capability."
"DIN-0116","dingg","Invoice","Invoice","How to choose multiple payment mode to show up on the invoice page","https://docs.dingg.app/Invoice/Invoice/How_to_choose_multiple_payment_mode_to_show_up_on_the_invoice_page","help_topic","137","Unmapped","AuraShine source and UAT evidence has not been reviewed for this atomic capability."
"DIN-0117","dingg","Invoice","Invoice","How to edit services/products line items particulars","https://docs.dingg.app/Invoice/Invoice/How_to_edit_servicesproducts_line_items_particulars","help_topic","151","Unmapped","AuraShine source and UAT evidence has not been reviewed for this atomic capability."
"DIN-0118","dingg","Invoice","Invoice","How to edit the invoice","https://docs.dingg.app/Invoice/Invoice/How_to_edit_the_invoice","help_topic","128","Unmapped","AuraShine source and UAT evidence has not been reviewed for this atomic capability."
"DIN-0119","dingg","Invoice","Invoice","How to make a partially paid invoice","https://docs.dingg.app/Invoice/Invoice/How_to_make_a_partially_paid_invoice","help_topic","131","Unmapped","AuraShine source and UAT evidence has not been reviewed for this atomic capability."
"DIN-0120","dingg","Invoice","Invoice","How to make a simple invoice","https://docs.dingg.app/Invoice/Invoice/How_to_make_a_simple_invoice","help_topic","119","Unmapped","AuraShine source and UAT evidence has not been reviewed for this atomic capability."
"DIN-0121","dingg","Invoice","Invoice","How to make past date invoices","https://docs.dingg.app/Invoice/Invoice/How_to_make_past_date_invoices","help_topic","188","Unmapped","AuraShine source and UAT evidence has not been reviewed for this atomic capability."
"DIN-0122","dingg","Invoice","Invoice","How to make scan option available","https://docs.dingg.app/Invoice/Invoice/How_to_make_scan_option_available","help_topic","136","Unmapped","AuraShine source and UAT evidence has not been reviewed for this atomic capability."
"DIN-0123","dingg","Invoice","Invoice","How to pay previous dues","https://docs.dingg.app/Invoice/Invoice/How_to_pay_previous_dues","help_topic","150","Unmapped","AuraShine source and UAT evidence has not been reviewed for this atomic capability."
"DIN-0124","dingg","Invoice","Invoice","How to redeem package","https://docs.dingg.app/Invoice/Invoice/How_to_redeem_package","help_topic","153","Unmapped","AuraShine source and UAT evidence has not been reviewed for this atomic capability."
"DIN-0125","dingg","Invoice","Invoice","How to redeem points","https://docs.dingg.app/Invoice/Invoice/How_to_redeem_points","help_topic","134","Unmapped","AuraShine source and UAT evidence has not been reviewed for this atomic capability."
"DIN-0126","dingg","Invoice","Invoice","How to redeem voucher/prepaid","https://docs.dingg.app/Invoice/Invoice/How_to_redeem_voucherprepaid","help_topic","132","Unmapped","AuraShine source and UAT evidence has not been reviewed for this atomic capability."
"DIN-0127","dingg","Invoice","Invoice","How to redeem wallet amount","https://docs.dingg.app/Invoice/Invoice/How_to_redeem_wallet_amount","help_topic","133","Unmapped","AuraShine source and UAT evidence has not been reviewed for this atomic capability."
"DIN-0128","dingg","Invoice","Invoice","How to show price with service and product name during invoicing","https://docs.dingg.app/Invoice/Invoice/How_to_show_price_with_service_and_product_name_during_invoicing","help_topic","123","Unmapped","AuraShine source and UAT evidence has not been reviewed for this atomic capability."
"DIN-0129","dingg","Invoice","Invoice","How to split service commission between stylist","https://docs.dingg.app/Invoice/Invoice/How_to_split_service_commission_between_stylist","help_topic","130","Unmapped","AuraShine source and UAT evidence has not been reviewed for this atomic capability."
"DIN-0130","dingg","Invoice","Invoice","Understanding Invoice generation window","https://docs.dingg.app/Invoice/Invoice/Understanding_Invoice_generation_window","help_topic","152","Unmapped","AuraShine source and UAT evidence has not been reviewed for this atomic capability."
"DIN-0131","dingg","Invoice","Invoice","What are different default invoice settings available on the invoice generation page","https://docs.dingg.app/Invoice/Invoice/What_are_different_default_invoice_settings_available_on_the_invoice_generation_page","help_topic","142","Unmapped","AuraShine source and UAT evidence has not been reviewed for this atomic capability."
"DIN-0132","dingg","Invoice","Invoice","What are the different invoice printing options available","https://docs.dingg.app/Invoice/Invoice/What_are_the_different_invoice_printing_options_available","help_topic","126","Unmapped","AuraShine source and UAT evidence has not been reviewed for this atomic capability."
"DIN-0133","dingg","Invoice","Previous Invoice","How to download or print the invoice","https://docs.dingg.app/Invoice/Previous_Invoice/How_to_download_or_print_the_invoice","help_topic","144","Unmapped","AuraShine source and UAT evidence has not been reviewed for this atomic capability."
"DIN-0134","dingg","Invoice","Previous Invoice","How to email a generated invoice","https://docs.dingg.app/Invoice/Previous_Invoice/How_to_email_a_generated_invoice","help_topic","145","Unmapped","AuraShine source and UAT evidence has not been reviewed for this atomic capability."
"DIN-0135","dingg","Invoice","Previous Invoice","How to get a feedback from a customer","https://docs.dingg.app/Invoice/Previous_Invoice/How_to_get_a_feedback_from_a_customer","help_topic","147","Unmapped","AuraShine source and UAT evidence has not been reviewed for this atomic capability."
"DIN-0136","dingg","Invoice","Previous Invoice","How to view or access previous invoices","https://docs.dingg.app/Invoice/Previous_Invoice/How_to_view_or_access_previous_invoices","help_topic","143","Unmapped","AuraShine source and UAT evidence has not been reviewed for this atomic capability."
"DIN-0137","dingg","Invoice","Previous Invoice","How to view payment status of an invoice","https://docs.dingg.app/Invoice/Previous_Invoice/How_to_view_payment_status_of_an_invoice","help_topic","146","Unmapped","AuraShine source and UAT evidence has not been reviewed for this atomic capability."
"DIN-0138","dingg","Marketing","Campaign","How to set a campaign or how to send promotional messages","https://docs.dingg.app/Marketing/Campaign/How_to_set_a_campaign_or_how_to_send_promotional_messages","help_topic","155","Unmapped","AuraShine source and UAT evidence has not been reviewed for this atomic capability."
"DIN-0139","dingg","Marketing","Campaign","Understanding Campaign Window","https://docs.dingg.app/Marketing/Campaign/Understanding_Campaign_Window","help_topic","212","Unmapped","AuraShine source and UAT evidence has not been reviewed for this atomic capability."
"DIN-0140","dingg","Marketing","Loyalty","How to set Loyalty","https://docs.dingg.app/Marketing/Loyalty/How_to_set_Loyalty","help_topic","176","Unmapped","AuraShine source and UAT evidence has not been reviewed for this atomic capability."
"DIN-0141","dingg","Marketing","Segment","Understanding Segment Window","https://docs.dingg.app/Marketing/Segment/Understanding_Segment_Window","help_topic","213","Unmapped","AuraShine source and UAT evidence has not been reviewed for this atomic capability."
"DIN-0142","dingg","Reports","Attendance","How to generate staff attendance report","https://docs.dingg.app/Reports/Attendance/How_to_generate_staff_attendance_report","help_topic","168","Unmapped","AuraShine source and UAT evidence has not been reviewed for this atomic capability."
"DIN-0143","dingg","Reports","Expense","How to generate Expense Report","https://docs.dingg.app/Reports/Expense/How_to_generate_Expense_Report","help_topic","166","Unmapped","AuraShine source and UAT evidence has not been reviewed for this atomic capability."
"DIN-0144","dingg","Reports","Feedback","How to check feedback report","https://docs.dingg.app/Reports/Feedback/How_to_check_feedback_report","help_topic","169","Unmapped","AuraShine source and UAT evidence has not been reviewed for this atomic capability."
"DIN-0145","dingg","Reports","Invoice"," How to generate invoice/tax detail invoice report","https://docs.dingg.app/Reports/Invoice/_How_to_generate_invoicetax_detail_invoice_report","help_topic","157","Unmapped","AuraShine source and UAT evidence has not been reviewed for this atomic capability."
"DIN-0146","dingg","Reports","Membership","How to generate Membership Sales report","https://docs.dingg.app/Reports/Membership/How_to_generate_Membership_Sales_report","help_topic","161","Unmapped","AuraShine source and UAT evidence has not been reviewed for this atomic capability."
"DIN-0147","dingg","Reports","Package","How to generate Package Sales report","https://docs.dingg.app/Reports/Package/How_to_generate_Package_Sales_report","help_topic","162","Unmapped","AuraShine source and UAT evidence has not been reviewed for this atomic capability."
"DIN-0148","dingg","Reports","Prepaid/Voucher","How to generate Prepaid/Voucher Sales report","https://docs.dingg.app/Reports/PrepaidVoucher/How_to_generate_PrepaidVoucher_Sales_report","help_topic","163","Unmapped","AuraShine source and UAT evidence has not been reviewed for this atomic capability."
"DIN-0149","dingg","Reports","Product"," How to generate Product Sales report ","https://docs.dingg.app/Reports/Product/_How_to_generate_Product_Sales_report_","help_topic","159","Unmapped","AuraShine source and UAT evidence has not been reviewed for this atomic capability."
"DIN-0150","dingg","Reports","Sales Trends","How to check Sales Trends or Client Trends","https://docs.dingg.app/Reports/Sales_Trends/How_to_check_Sales_Trends_or_Client_Trends","help_topic","170","Unmapped","AuraShine source and UAT evidence has not been reviewed for this atomic capability."
"DIN-0151","dingg","Reports","Sales","How to generate Daily Sales report for a Day or Week or Month or for Custom Range","https://docs.dingg.app/Reports/Sales/How_to_generate_Daily_Sales_report_for_a_Day_or_Week_or_Month_or_for_Custom_Range","help_topic","156","Unmapped","AuraShine source and UAT evidence has not been reviewed for this atomic capability."
"DIN-0152","dingg","Reports","Service","How to generate service report","https://docs.dingg.app/Reports/Service/How_to_generate_service_report","help_topic","158","Unmapped","AuraShine source and UAT evidence has not been reviewed for this atomic capability."
"DIN-0153","dingg","Reports","SMS","How to generate SMS Report","https://docs.dingg.app/Reports/SMS/How_to_generate_SMS_Report","help_topic","165","Unmapped","AuraShine source and UAT evidence has not been reviewed for this atomic capability."
"DIN-0154","dingg","Reports","Staff","How to check Staff Performance ","https://docs.dingg.app/Reports/Staff/How_to_check_Staff_Performance_","help_topic","164","Unmapped","AuraShine source and UAT evidence has not been reviewed for this atomic capability."
"DIN-0155","dingg","Reports","Staff","How to generate particular Staff Performance","https://docs.dingg.app/Reports/Staff/How_to_generate_particular_Staff_Performance","help_topic","167","Unmapped","AuraShine source and UAT evidence has not been reviewed for this atomic capability."
"DIN-0156","dingg","Settings","Business Hours","How to setup non working day in a week","https://docs.dingg.app/Settings/Business_Hours/How_to_setup_non_working_day_in_a_week","help_topic","10","Unmapped","AuraShine source and UAT evidence has not been reviewed for this atomic capability."
"DIN-0157","dingg","Settings","Business Hours","How to setup the Business Hours","https://docs.dingg.app/Settings/Business_Hours/How_to_setup_the_Business_Hours","help_topic","8","Unmapped","AuraShine source and UAT evidence has not been reviewed for this atomic capability."
"DIN-0158","dingg","Settings","Business Hours","How to split the day as per Business Hours","https://docs.dingg.app/Settings/Business_Hours/How_to_split_the_day_as_per_Business_Hours","help_topic","9","Unmapped","AuraShine source and UAT evidence has not been reviewed for this atomic capability."
"DIN-0159","dingg","Settings","GST Update","GST Update for Products","https://docs.dingg.app/Settings/GST_Update/GST_Update_for_Products","help_topic","240","Unmapped","AuraShine source and UAT evidence has not been reviewed for this atomic capability."
"DIN-0160","dingg","Settings","Invoice Settings","How to create new tax and tax group","https://docs.dingg.app/Settings/Invoice_Settings/How_to_create_new_tax_and_tax_group","help_topic","7","Unmapped","AuraShine source and UAT evidence has not been reviewed for this atomic capability."
"DIN-0161","dingg","Settings","Invoice Settings","How to customize invoice template","https://docs.dingg.app/Settings/Invoice_Settings/How_to_customize_invoice_template","help_topic","185","Unmapped","AuraShine source and UAT evidence has not been reviewed for this atomic capability."
"DIN-0162","dingg","Settings","Invoice Settings","How to enable or disable GST","https://docs.dingg.app/Settings/Invoice_Settings/How_to_enable_or_disable_GST","help_topic","1","Unmapped","AuraShine source and UAT evidence has not been reviewed for this atomic capability."
"DIN-0163","dingg","Settings","Invoice Settings","How to set or enter GST Number","https://docs.dingg.app/Settings/Invoice_Settings/How_to_set_or_enter_GST_Number","help_topic","4","Unmapped","AuraShine source and UAT evidence has not been reviewed for this atomic capability."
"DIN-0164","dingg","Settings","Invoice Settings","How to set price of services tax inclusive","https://docs.dingg.app/Settings/Invoice_Settings/How_to_set_price_of_services_tax_inclusive","help_topic","6","Unmapped","AuraShine source and UAT evidence has not been reviewed for this atomic capability."
"DIN-0165","dingg","Settings","Invoice Settings","How to set product price tax inclusive","https://docs.dingg.app/Settings/Invoice_Settings/How_to_set_product_price_tax_inclusive","help_topic","5","Unmapped","AuraShine source and UAT evidence has not been reviewed for this atomic capability."
"DIN-0166","dingg","Settings","Manage Feedback","How to create questionaire for the Feedback","https://docs.dingg.app/Settings/Manage_Feedback/How_to_create_questionaire_for_the_Feedback","help_topic","35","Unmapped","AuraShine source and UAT evidence has not been reviewed for this atomic capability."
"DIN-0167","dingg","Settings","Manage Membership","How to create a Membership with point system","https://docs.dingg.app/Settings/Manage_Membership/How_to_create_a_Membership_with_point_system","help_topic","33","Unmapped","AuraShine source and UAT evidence has not been reviewed for this atomic capability."
"DIN-0168","dingg","Settings","Manage Membership","How to create or modify or delete a Membership","https://docs.dingg.app/Settings/Manage_Membership/How_to_create_or_modify_or_delete_a_Membership","help_topic","30","Unmapped","AuraShine source and UAT evidence has not been reviewed for this atomic capability."
"DIN-0169","dingg","Settings","Manage Membership","How to sale a Membership / Prepaid or Voucher","https://docs.dingg.app/Settings/Manage_Membership/How_to_sale_a_Membership__Prepaid_or_Voucher","help_topic","31","Unmapped","AuraShine source and UAT evidence has not been reviewed for this atomic capability."
"DIN-0170","dingg","Settings","Manage Membership","What is Weekday and Weekend discount","https://docs.dingg.app/Settings/Manage_Membership/What_is_Weekday_and_Weekend_discount","help_topic","32","Unmapped","AuraShine source and UAT evidence has not been reviewed for this atomic capability."
"DIN-0171","dingg","Settings","Manage Packages","Does deletion or modification of any sold Package will affect existing customers","https://docs.dingg.app/Settings/Manage_Packages/Does_deletion_or_modification_of_any_sold_Package_will_affect_existing_customers","help_topic","29","Unmapped","AuraShine source and UAT evidence has not been reviewed for this atomic capability."
"DIN-0172","dingg","Settings","Manage Packages","How to create a Package with all services","https://docs.dingg.app/Settings/Manage_Packages/How_to_create_a_Package_with_all_services","help_topic","28","Unmapped","AuraShine source and UAT evidence has not been reviewed for this atomic capability."
"DIN-0173","dingg","Settings","Manage Packages","How to create a Package with selected service","https://docs.dingg.app/Settings/Manage_Packages/How_to_create_a_Package_with_selected_service","help_topic","27","Unmapped","AuraShine source and UAT evidence has not been reviewed for this atomic capability."
"DIN-0174","dingg","Settings","Manage Packages","How to create or modify or delete a Package","https://docs.dingg.app/Settings/Manage_Packages/How_to_create_or_modify_or_delete_a_Package","help_topic","21","Unmapped","AuraShine source and UAT evidence has not been reviewed for this atomic capability."
"DIN-0175","dingg","Settings","Manage Packages","How to sale a Package","https://docs.dingg.app/Settings/Manage_Packages/How_to_sale_a_Package","help_topic","22","Unmapped","AuraShine source and UAT evidence has not been reviewed for this atomic capability."
"DIN-0176","dingg","Settings","Manage Packages","What all categories available in a Package","https://docs.dingg.app/Settings/Manage_Packages/What_all_categories_available_in_a_Package","help_topic","23","Unmapped","AuraShine source and UAT evidence has not been reviewed for this atomic capability."
"DIN-0177","dingg","Settings","Manage Packages","What all Service Group type available in the Package","https://docs.dingg.app/Settings/Manage_Packages/What_all_Service_Group_type_available_in_the_Package","help_topic","25","Unmapped","AuraShine source and UAT evidence has not been reviewed for this atomic capability."
"DIN-0178","dingg","Settings","Manage Packages","What is Count, Time and Money Service group Type","https://docs.dingg.app/Settings/Manage_Packages/What_is_Count,_Time_and_Money_Service_group_Type","help_topic","26","Unmapped","AuraShine source and UAT evidence has not been reviewed for this atomic capability."
"DIN-0179","dingg","Settings","Manage Packages","What is the difference between Services and Service group in Package","https://docs.dingg.app/Settings/Manage_Packages/What_is_the_difference_between_Services_and_Service_group_in_Package","help_topic","24","Unmapped","AuraShine source and UAT evidence has not been reviewed for this atomic capability."
"DIN-0180","dingg","Settings","Manage Prepaid/Vouchers","Does deletion or modification of any sold Prepaid or Voucher will affect existing customers","https://docs.dingg.app/Settings/Manage_PrepaidVouchers/Does_deletion_or_modification_of_any_sold_Prepaid_or_Voucher_will_affect_existing_customers","help_topic","20","Unmapped","AuraShine source and UAT evidence has not been reviewed for this atomic capability."
"DIN-0181","dingg","Settings","Manage Prepaid/Vouchers","How to create or modify or delete a Prepaid or Voucher","https://docs.dingg.app/Settings/Manage_PrepaidVouchers/How_to_create_or_modify_or_delete_a_Prepaid_or_Voucher","help_topic","16","Unmapped","AuraShine source and UAT evidence has not been reviewed for this atomic capability."
"DIN-0182","dingg","Settings","Manage Prepaid/Vouchers","How to sale Prepaid or Voucher","https://docs.dingg.app/Settings/Manage_PrepaidVouchers/How_to_sale_Prepaid_or_Voucher","help_topic","19","Unmapped","AuraShine source and UAT evidence has not been reviewed for this atomic capability."
"DIN-0183","dingg","Settings","Manage Prepaid/Vouchers","What is the difference between actual price and offer price","https://docs.dingg.app/Settings/Manage_PrepaidVouchers/What_is_the_difference_between_actual_price_and_offer_price","help_topic","18","Unmapped","AuraShine source and UAT evidence has not been reviewed for this atomic capability."
"DIN-0184","dingg","Settings","Manage Services","How to create a Service under Category","https://docs.dingg.app/Settings/Manage_Services/How_to_create_a_Service_under_Category","help_topic","12","Unmapped","AuraShine source and UAT evidence has not been reviewed for this atomic capability."
"DIN-0185","dingg","Settings","Manage Services","How to create Category for a Service","https://docs.dingg.app/Settings/Manage_Services/How_to_create_Category_for_a_Service","help_topic","11","Unmapped","AuraShine source and UAT evidence has not been reviewed for this atomic capability."
"DIN-0186","dingg","Settings","Manage Services","How to delete a Category or Service","https://docs.dingg.app/Settings/Manage_Services/How_to_delete_a_Category_or_Service","help_topic","14","Unmapped","AuraShine source and UAT evidence has not been reviewed for this atomic capability."
"DIN-0187","dingg","Settings","Manage Services","How to export the services and categories","https://docs.dingg.app/Settings/Manage_Services/How_to_export_the_services_and_categories","help_topic","206","Unmapped","AuraShine source and UAT evidence has not been reviewed for this atomic capability."
"DIN-0188","dingg","Settings","Manage Services","How to import the services and categories","https://docs.dingg.app/Settings/Manage_Services/How_to_import_the_services_and_categories","help_topic","205","Unmapped","AuraShine source and UAT evidence has not been reviewed for this atomic capability."
"DIN-0189","dingg","Settings","Manage Services","How to modify service name, price and serving time","https://docs.dingg.app/Settings/Manage_Services/How_to_modify_service_name,_price_and_serving_time","help_topic","13","Unmapped","AuraShine source and UAT evidence has not been reviewed for this atomic capability."
"DIN-0190","dingg","Settings","Manage Services","How to print the service menu","https://docs.dingg.app/Settings/Manage_Services/How_to_print_the_service_menu","help_topic","204","Unmapped","AuraShine source and UAT evidence has not been reviewed for this atomic capability."
"DIN-0191","dingg","Settings","Online Booking","How to enable or disable customer web booking","https://docs.dingg.app/Settings/Online_Booking/How_to_enable_or_disable_customer_web_booking","help_topic","43","Unmapped","AuraShine source and UAT evidence has not been reviewed for this atomic capability."
"DIN-0192","dingg","Settings","Online Booking","How to enable or disable Offer, Packages, Price and Stylist on the booking webpage","https://docs.dingg.app/Settings/Online_Booking/How_to_enable_or_disable_Offer,_Packages,_Price_and_Stylist_on_the_booking_webpage","help_topic","46","Unmapped","AuraShine source and UAT evidence has not been reviewed for this atomic capability."
"DIN-0193","dingg","Settings","Online Booking","How to get QR code for the Digital Menu","https://docs.dingg.app/Settings/Online_Booking/How_to_get_QR_code_for_the_Digital_Menu","help_topic","44","Unmapped","AuraShine source and UAT evidence has not been reviewed for this atomic capability."
"DIN-0194","dingg","Settings","Online Booking","How to get URL for the Facebook and Webstie integration","https://docs.dingg.app/Settings/Online_Booking/How_to_get_URL_for_the_Facebook_and_Webstie_integration","help_topic","45","Unmapped","AuraShine source and UAT evidence has not been reviewed for this atomic capability."
"DIN-0195","dingg","Settings","Other Settings","How to add / edit a service","https://docs.dingg.app/Settings/Other_Settings/How_to_add__edit_a_service","help_topic","230","Unmapped","AuraShine source and UAT evidence has not been reviewed for this atomic capability."
"DIN-0196","dingg","Settings","Other Settings","How to allow online booking","https://docs.dingg.app/Settings/Other_Settings/How_to_allow_online_booking","help_topic","49","Unmapped","AuraShine source and UAT evidence has not been reviewed for this atomic capability."
"DIN-0197","dingg","Settings","Other Settings","How to change the Password","https://docs.dingg.app/Settings/Other_Settings/How_to_change_the_Password","help_topic","48","Unmapped","AuraShine source and UAT evidence has not been reviewed for this atomic capability."
"DIN-0198","dingg","Settings","Other Settings","How to Create an Account","https://docs.dingg.app/Settings/Other_Settings/How_to_Create_an_Account","help_topic","231","Unmapped","AuraShine source and UAT evidence has not been reviewed for this atomic capability."
"DIN-0199","dingg","Settings","Other Settings","How to reset opening cash ","https://docs.dingg.app/Settings/Other_Settings/How_to_reset_opening_cash_","help_topic","3","Unmapped","AuraShine source and UAT evidence has not been reviewed for this atomic capability."
"DIN-0200","dingg","Settings","Other Settings","How to set booking limit","https://docs.dingg.app/Settings/Other_Settings/How_to_set_booking_limit","help_topic","51","Unmapped","AuraShine source and UAT evidence has not been reviewed for this atomic capability."
"DIN-0201","dingg","Settings","Other Settings","How to set queue limit","https://docs.dingg.app/Settings/Other_Settings/How_to_set_queue_limit","help_topic","50","Unmapped","AuraShine source and UAT evidence has not been reviewed for this atomic capability."
"DIN-0202","dingg","Settings","SMS Setting","How to enable or disable SMS settings and Alerts","https://docs.dingg.app/Settings/SMS_Setting/How_to_enable_or_disable_SMS_settings_and_Alerts","help_topic","36","Unmapped","AuraShine source and UAT evidence has not been reviewed for this atomic capability."
"DIN-0203","dingg","Settings","SMS Setting","How to enable OTP SMS for the prepaid or voucher or package redemption","https://docs.dingg.app/Settings/SMS_Setting/How_to_enable_OTP_SMS_for_the_prepaid_or_voucher_or_package_redemption","help_topic","37","Unmapped","AuraShine source and UAT evidence has not been reviewed for this atomic capability."
"DIN-0204","dingg","Settings","SMS Setting","What all SMS settings are available","https://docs.dingg.app/Settings/SMS_Setting/What_all_SMS_settings_are_available","help_topic","38","Unmapped","AuraShine source and UAT evidence has not been reviewed for this atomic capability."
"DIN-0205","dingg","Settings","Staff Commission","What is flat and multilevel commissions and how to setup a multilevel profile","https://docs.dingg.app/Settings/Staff_Commission/What_is_flat_and_multilevel_commissions_and_how_to_setup_a_multilevel_profile","help_topic","216","Unmapped","AuraShine source and UAT evidence has not been reviewed for this atomic capability."
"DIN-0206","dingg","Settings","Third Party Integration","How to enable Tippy and configure it for collecting tips","https://docs.dingg.app/Settings/Third_Party_Integration/How_to_enable_Tippy_and_configure_it_for_collecting_tips","help_topic","225","Unmapped","AuraShine source and UAT evidence has not been reviewed for this atomic capability."
"DIN-0207","dingg","Settings","Third Party Integration","How to get access token for integrating Tippy with DINGG","https://docs.dingg.app/Settings/Third_Party_Integration/How_to_get_access_token_for_integrating_Tippy_with_DINGG","help_topic","226","Unmapped","AuraShine source and UAT evidence has not been reviewed for this atomic capability."
"DIN-0208","dingg","Staff","Manage Staff","How to Add New Staff?","https://docs.dingg.app/Staff/Manage_Staff/How_to_Add_New_Staff?","help_topic","171","Unmapped","AuraShine source and UAT evidence has not been reviewed for this atomic capability."
"DIN-0209","dingg","Staff","Manage Staff","How to assign Category/Services to a Staff","https://docs.dingg.app/Staff/Manage_Staff/How_to_assign_CategoryServices_to_a_Staff","help_topic","172","Unmapped","AuraShine source and UAT evidence has not been reviewed for this atomic capability."
"DIN-0210","dingg","Staff","Permissions","How to assign permission to the staff","https://docs.dingg.app/Staff/Permissions/How_to_assign_permission_to_the_staff","help_topic","175","Unmapped","AuraShine source and UAT evidence has not been reviewed for this atomic capability."
"DIN-0211","dingg","Staff","Permissions","How to create or edit Login Credentials of a staff","https://docs.dingg.app/Staff/Permissions/How_to_create_or_edit_Login_Credentials_of_a_staff","help_topic","214","Unmapped","AuraShine source and UAT evidence has not been reviewed for this atomic capability."
"DIN-0212","dingg","Staff","Salary","How to set up a Salary and Commissions for Staff","https://docs.dingg.app/Staff/Salary/How_to_set_up_a_Salary_and_Commissions_for_Staff","help_topic","173","Unmapped","AuraShine source and UAT evidence has not been reviewed for this atomic capability."
"DIN-0213","dingg","Staff","Salary","How to view or pay Salary and Commissions","https://docs.dingg.app/Staff/Salary/How_to_view_or_pay_Salary_and_Commissions","help_topic","221","Unmapped","AuraShine source and UAT evidence has not been reviewed for this atomic capability."
"DIN-0214","dingg","Staff","Salary","How to view salary history of a staff","https://docs.dingg.app/Staff/Salary/How_to_view_salary_history_of_a_staff","help_topic","215","Unmapped","AuraShine source and UAT evidence has not been reviewed for this atomic capability."
"DIN-0215","dingg","Staff","Schedule","How to add attendance of staff","https://docs.dingg.app/Staff/Schedule/How_to_add_attendance_of_staff","help_topic","218","Unmapped","AuraShine source and UAT evidence has not been reviewed for this atomic capability."
"DIN-0216","dingg","Staff","Schedule","How to add two shifts for a staff?","https://docs.dingg.app/Staff/Schedule/How_to_add_two_shifts_for_a_staff?","help_topic","174","Unmapped","AuraShine source and UAT evidence has not been reviewed for this atomic capability."
"DIN-0217","dingg","Staff","Schedule","How to setup a roster/schedule for a staff","https://docs.dingg.app/Staff/Schedule/How_to_setup_a_rosterschedule_for_a_staff","help_topic","217","Unmapped","AuraShine source and UAT evidence has not been reviewed for this atomic capability."
